Total number of detected blinking events inside the Dapi stained region,Mean localization error [nm],Size in x direction [nm],Size in y direction [nm],Stack size,"Density of blinking events inside the Dapi stained region [1/nm^2], Size of the Dapi stained region [nm^2]"
298,15.495152400637624,15040.0,16400.0,3,3.3124066301486805e-06,89964800.0
Background threshold,Pixelsize in output image [nm],EM gain,Camera sensitivity,Quantum efficiency,Intensity offset,Camera pixel size,Start evaluation at image
3,10,100,15.87,0.96,100,80.0,30
Maximum photoelectron count,Position in x direction [nm],Position in y direction [nm],Localization error in x direction [nm],Localization error in y direction [nm],Standard deviation in x direction [nm],Standard deviation in y direction [nm],Total photoelectron count,Image position in stack
66.75,2856.80195739983,10851.572718343052,14.453327726423542,14.192748069891845,131.05540282615632,129.4975770929973,772.375,38.0
69.98046875,6438.630142470545,7921.68863525114,14.185787920385975,14.514584132843293,108.0205707079982,127.48424674993849,727.19140625,40.0
64.79603850841522,5849.5790096537785,13334.775654904697,14.321689215611112,14.35602341458698,134.75147661410128,134.0607902730167,843.5303334832918,45.0
123.9677480883343,6379.493906107566,7867.722670583821,12.470775470242703,12.846559227624393,117.79061267592016,117.56502583892942,880.9828884505685,45.0
58.04848788185484,2825.623585744649,10921.201349357461,20.462527890610765,19.077255284301145,129.70121287217526,118.14676754361602,493.7822331833913,46.0
86.1094894949195,6362.311560325788,7865.535644172504,11.978253639913657,13.13069536589065,112.77590155937072,117.99324189821088,935.5016986274701,46.0
50.04514279327293,7808.62055452807,5017.127765491105,18.863795059929778,17.622736598772374,141.00331790210157,126.06335263907775,552.9103556064865,47.0
87.92934936098754,8580.037681591813,5567.883609037516,14.125339177855711,12.453447855501903,97.88531898943283,90.87523074406516,591.8275853733237,47.0
64.31578976159807,5809.160256655831,13342.067292587888,15.941438025090417,15.33860453723014,121.27390116256637,111.05151339787449,665.1111817065629,48.0
62.87570893547792,4189.594400151207,10877.493093766083,16.26179941253937,14.594204301695553,132.44443073311362,115.26562591695972,667.8507224703575,55.0
70.49762573581242,9124.609660718937,3755.5056669596197,14.98744350304368,13.621082002892859,115.54254290324526,115.19058848237462,671.6137190239551,55.0
54.88763426363823,8828.728574532144,9372.173686137401,16.37450671199708,18.581982756642066,104.6543535306039,115.66291556963662,376.24146192307006,57.0
64.55419188282843,8734.04678102852,9346.359942997027,19.036978622841055,18.816033490235455,107.50920798064989,107.46699624386011,388.67092581737035,62.0
71.89149587590975,12389.82878448742,7101.549158566681,15.979709845502363,16.758688201454024,102.88194390810233,101.96082255967363,591.6810163621481,64.0
55.96093736810809,12017.80791538816,4206.670065087521,20.681784780426874,24.667582321535026,103.2515833503223,127.51161513148904,364.2385737366003,67.0
48.188602094279844,3629.2502501492263,10424.665207592569,23.133460711148285,19.806234300369812,111.53526050932794,110.46475236233937,410.25552099485844,68.0
49.22546950981928,10258.726834155346,4905.766585892876,16.508943237151072,15.786472589109737,132.38688027612156,119.61532199632423,585.5644984097487,68.0
54.524069483144274,6761.749881173524,4073.6467337222475,19.630463676316573,21.182931948166033,116.5178997336468,133.82672515717132,437.4590020720831,70.0
48.421065351281754,11414.870222535454,3628.398940816355,17.412402554305906,16.64543756646727,147.29755964541914,134.49956403212892,694.8029504872799,70.0
45.251407837432,6518.018091699524,13452.804826894017,22.932847878371273,19.124924520835876,142.92437139710444,118.25298615865303,439.40463651762803,72.0
57.4398641449132,8570.433822758465,9895.702463656487,19.564643745510658,16.170669304223782,138.22936286681173,111.2676852385996,469.68936132022907,73.0
57.24161198569459,12502.08642755598,5404.927863283263,20.135999059037374,19.725006470305164,126.39057109316165,124.53497247069733,480.81834377209015,73.0
55.822535269940346,5073.703365917383,7251.249886045527,18.24826621449647,18.323054337599757,120.56546800284792,123.03793030371175,546.0336804767609,75.0
63.92718580187932,9949.359522131528,5093.830051910651,15.214136343429205,15.850897971125029,116.95116447437623,121.36284332736005,602.0028178954512,76.0
75.68487925907723,11733.655223947459,5379.721958364848,12.866666520595047,12.78019083676411,113.99339118671297,120.4928194845941,943.9993020212183,77.0
54.352366946626404,3478.1102037849987,9894.870270904874,16.06749696946816,15.487111269081385,134.80720609027154,131.8885324415187,650.117707556194,80.0
84.37038429775222,6973.354334888793,12788.742466995052,9.467806082768131,9.312338652551157,141.03891147177967,137.25876464103138,1249.4110676622845,83.0
66.92987333956185,4298.8682276910195,9783.574544220213,17.438404164079373,17.435874433213105,133.45626830010357,134.5775490440331,574.656684677135,84.0
48.9836251867778,11360.035111389405,8365.012222202153,14.084986943890348,15.2539160284942,127.24355712423318,140.25995800517245,729.6026775650582,86.0
51.978471053503995,10788.471032300728,7185.249079433869,18.1346274346336,19.46137725348399,119.44774294779562,139.37780983799044,521.4844072066079,89.0
66.09401461804251,7524.626465447528,12151.918996291677,13.507157481327862,13.144339795822853,129.1251942753369,128.99033332084923,789.0825116915362,91.0
58.30164556301514,5105.059371870624,6698.373044895172,22.12865675504885,24.948324951978044,110.99020869056925,129.67191615936002,388.6919748615086,93.0
58.96838071768997,8410.916097558595,4162.7450412881435,21.55501745191305,21.04438283839171,143.36781029620266,127.14061623475467,425.1984224944218,96.0
41.6720059932415,5594.597401043898,12645.658733588985,18.933697961323123,19.223618304683868,130.71590506738917,118.32193329394596,533.9714116269926,97.0
57.34173195217875,6079.602352776701,10590.881773248602,18.537001434730392,16.414134868864135,129.88095756858274,122.02348596311926,545.1589945770093,98.0
52.423082263037315,7587.94739889539,4520.444628861203,16.186025013928386,15.010989166356879,136.52978017767387,128.55502195395908,640.1542819485346,98.0
64.22877550624378,8264.128360263743,4067.9978310681213,16.33931057632784,16.61727338211594,123.97767219122547,128.89350988198885,576.1785329669208,98.0
88.84784843832242,7767.322522637194,8791.260784260166,11.638479859288214,11.701749662502031,123.80589503602503,130.44208147919846,904.2085963923998,102.0
56.20030467405135,6644.174048855784,12523.888577297332,13.950356298949472,13.511359245857177,140.5315705700879,132.68824625220927,773.6587021771891,103.0
56.535264881112795,7303.45625845075,12153.856605098543,13.910907161605481,14.097972422767697,134.22359975483928,141.82291397947415,821.0228132437862,103.0
69.2001687448383,7769.144326119957,8767.434734217226,12.237144265204336,12.045587442211641,132.1787955159438,124.74826053596847,1013.5760626261721,103.0
58.5691291761714,7754.365766510273,8804.179854889051,14.700953699771954,15.235397365650226,113.80558291917897,137.9570608791135,676.570334582811,104.0
74.92144948268728,7791.221753536461,8785.543749494387,13.921181513346854,14.403468287956343,123.77988305588465,127.4317694462296,691.9221759610105,105.0
47.03447452931755,10159.438636079974,5391.053003447783,20.075199709125357,17.03668440171931,135.92588584723325,115.54387788459407,445.01389159365004,110.0
48.77119893586695,11461.554364246243,4428.769917116535,16.411335295563752,15.163540545131681,144.7437405068223,123.4492448805015,705.2085743379008,111.0
86.17164373280119,10867.625148659165,4598.529216765639,9.22792565379548,9.709781205761532,125.84483834147248,127.94707208964478,1523.7706119456216,114.0
69.15612888754765,10836.408346084281,4641.268467418485,11.476543748801136,10.955601902287713,143.63051568203142,129.44664878132173,1019.5954784818249,115.0
53.13754123916064,2656.3685113939546,10280.234027416309,20.1643632840586,18.73597633623345,137.81699436017107,118.63389497086627,450.69871761155014,116.0
80.83261983119257,10801.270396545064,4886.111029420682,10.042414239405337,10.239297390026891,135.30231629019673,134.4083944266906,1308.8485673426185,117.0
47.29807077044228,5628.5473935298105,11357.640904622618,18.449416969386593,18.467380015993957,143.77963244411902,139.35200033548415,566.1478642075049,118.0
62.96134687742713,10862.2441236101,5144.278962117401,13.144627564316236,12.980787338359557,137.07461813433977,132.74161436976942,887.5893189742752,120.0
52.68723910885831,11629.390433821205,6834.476030983791,18.43182653911364,19.148510194736158,133.48478438687343,131.69522730133292,393.9235698963127,120.0
48.742230464124475,11515.611413110539,6759.47280779054,17.998198360808583,17.528744250254775,135.92401603843717,142.48703692845316,587.4671285353986,121.0
46.62627605123026,9020.483015048841,11138.617468455315,16.46247189978483,17.409456347514578,125.74800694477165,128.14308269416335,572.6058894813015,122.0
61.02652719447158,11757.84813001969,5708.332491093208,19.755576729689928,18.89272861087566,144.4361876323293,131.45669333624193,582.9132183842169,122.0
37.54814118673883,8075.3395996193185,7217.437978257932,19.304668397367408,19.97552254824432,122.14923923035353,130.6204861142787,390.80920694628287,125.0
65.14685567554059,10486.08142822749,7941.398385123695,18.05312420346677,18.69511029180437,132.80272751802607,130.390540758732,530.7357436149603,126.0
55.661976407050986,3717.3744735165437,9790.475046448377,18.25542390643957,18.034924918893314,132.3920205067035,137.47500549551563,623.1954848515751,127.0
41.029694782107754,7290.763877546562,9565.433501738033,16.27569412804036,20.1630305379626,112.06941107935555,140.88278224948763,429.83425135699616,127.0
38.61556942239625,10995.621326023702,6487.521237888002,21.596745646322717,16.84040326752204,135.24648209808524,118.22450338017545,424.3963838449754,128.0
64.9548833837481,7767.7807334068075,12190.8183366306,11.792441118467691,12.284414430909802,137.8950045424251,141.81389524703187,990.8816190662068,129.0
50.59639570305524,7685.548526773174,12211.542085879018,16.395245355707672,16.904665615141177,123.51236123351912,136.5480549828228,562.40089100061,130.0
73.33244875080192,11496.015544367647,5397.679673392305,17.59355930723465,14.8034554469624,137.64197513226904,110.484234749027,601.248145437904,130.0
61.480003904613085,5329.840613458237,6654.731319160208,18.964540748973963,19.001292957426735,119.59331859373007,125.87791347387399,618.8372281134411,133.0
52.161894674230496,3789.5566737140684,12028.909828957654,19.39761078333618,21.968868675371244,111.59401118673867,136.25267612887023,452.91265972047887,137.0
45.20243591219622,3698.8318880476218,11986.740720546328,16.74730549857083,16.315035864360873,138.04634018467482,127.80807246523327,589.7698066651164,138.0
47.267366248011484,7570.18715545129,6764.594433414626,19.997706772294524,20.806901687007024,127.16670585855361,146.8086522709492,439.2011595542855,138.0
111.64830909390656,9763.545271202323,10097.466519020685,8.619849531090242,8.549719558754603,137.77129672998996,136.5681596966225,1668.9577796129674,139.0
67.320439249341,7876.221205228663,9699.303311108235,11.97139752672662,11.887758636750636,141.37159393093785,132.77702454112253,917.287956276451,140.0
54.55681751317016,7567.3409658652645,13268.060602465473,15.395118881572659,15.774514933024191,131.63011745413883,136.51323491820736,601.0401305264916,141.0
39.73202257295958,8185.54624227915,8695.646590408545,20.78335253435542,18.358453067883254,142.99175776012353,124.53023015751005,476.73146746426164,141.0
64.55116516289655,5537.592957038716,11398.900082119117,13.772825830344512,13.179034173737007,138.12264326012578,121.63218411747549,776.6304727774575,143.0
45.42349649333974,9387.119174983558,9421.796460091115,22.793742123580373,20.576580946580115,137.49250682689902,124.57510752870883,468.7510129806553,144.0
63.82278243110363,9351.487518874983,9402.742862194436,13.220269650041246,13.19645570511658,132.90618165569626,129.1018079020697,701.2420034256884,145.0
83.69743351425532,9443.595192060931,5866.5121017597885,9.4654117125483,9.186722566758135,139.31386923812352,133.58190119072984,1468.7303453910688,145.0
78.14608012518966,9482.64977831684,5931.88076133092,10.952625015298453,11.135811211004668,131.96837459747258,143.82755506652268,1049.1474707782838,146.0
72.95919670066945,9395.93633327334,5917.236738800503,15.076476002385418,13.574977675478888,140.6870004635212,123.73100422867516,714.4996101762433,148.0
39.01667105301641,4916.852501618173,5662.00405126173,21.932490058891524,20.170653252545154,127.86699076189775,133.25617197669538,472.79718158078924,152.0
148.6824040695887,5182.1391001929205,7054.227591946103,5.453754598275836,5.389153995995616,141.92751928970912,136.30383092370374,2923.4145473287062,155.0
167.4109274661832,5204.806460856081,7058.50057726281,4.725871425554365,4.648510495701288,139.77842333387414,134.01230448896916,3942.323969614706,156.0
37.90656279357492,6525.829594245615,11705.783524325281,17.167359045481117,17.578399162373874,147.39057887730826,128.15294652563307,591.0425804927756,156.0
44.484414026305416,6180.657050351768,8395.237328656747,16.325269033590683,15.583418938855793,140.09222042624356,132.16507290728288,684.8965535889824,157.0
61.50562205710662,6400.724230824998,11545.545383933815,15.844035881180108,15.985749189113115,138.56772706074926,138.62659614697932,651.2990646350079,157.0
92.38010050587269,8602.031825659902,5180.879648931872,12.823004374198037,12.786199318426416,120.90558194892601,113.69333658987995,769.3794342486525,158.0
57.457574259665165,9933.1902624592,4510.8930635732995,12.377910268922147,11.902377429378014,145.83006993759113,134.16353674165953,902.7804272597306,160.0
61.61057533943611,10638.068475362576,3636.29850315896,18.480812399784384,17.01866761649628,141.1217986133169,128.84943679511292,563.5889207396174,161.0
56.32953633143407,8705.767014676547,5246.543375968427,16.47463789373312,15.895582975636227,131.76100825718459,127.28089025581173,664.4439469265908,162.0
75.71366687481444,9129.351349214256,4634.314935829063,9.365041818850209,9.788102214962475,136.56141737305833,140.27016511168532,1244.2788855381798,162.0
72.35518280833907,3456.9986078981287,9181.805792795843,11.119240678940624,11.15228432293593,138.3367888209451,130.83115612667075,1077.9922795593798,163.0
50.23434448109671,3468.29540971574,9165.928538559689,20.304982381525104,19.458581585375498,134.45812293406294,124.62362793902003,514.7651678562644,164.0
58.53561273183476,12312.798255688562,5377.396182526035,16.95140420997802,18.024529151716827,121.91051757093042,138.0184426683515,520.150973617426,165.0
35.68219445099459,6063.235805498699,12513.5401221721,23.086966815616243,23.0039394068878,116.60723326163519,121.42256082734549,416.97321882843437,166.0
57.074020178756086,8392.295556357632,13035.942045293283,18.95566593326766,19.65757903962979,130.57556211440308,134.3617402009502,545.141831460657,169.0
82.07824294481986,9717.938600481079,9393.037654403422,8.10367112536949,7.846064511916236,151.17584289030464,135.43254706898742,1534.7238933010526,176.0
151.97554381269168,9739.064431154171,9382.228520383063,6.563817655592088,6.781097748754851,133.1196640336592,142.54170428426056,2665.232266046687,177.0
65.23923395993427,5422.424968480351,12526.332701122357,11.224677414195513,10.934480255631867,149.27518078502112,136.59835147001675,997.538487839887,178.0
93.4934990263954,9705.165819122842,9366.493844672248,9.191824400873564,9.248114662344928,126.5282579540128,130.2235559332927,1301.3115449242944,179.0
44.11177565399129,4616.939987196621,7166.371606424304,23.195667772244803,22.456986149956446,137.50284855579574,125.7285839909247,396.51323469235876,180.0
77.29794141757671,9708.521976703212,9311.016145114034,9.560379920963033,10.126557440011386,131.22835454417233,140.41141939808853,1060.5374064030707,180.0
69.913470126585,9709.925020382274,9383.5594639341,10.040851808982334,9.974472167102373,133.04038084306487,130.77648779864907,1136.0426975291175,180.0
66.94346866740679,12785.70083597626,7571.774209036425,17.622601530322594,17.42548911976236,132.76963147922766,129.64998500230277,586.2913763837244,187.0
53.97457134193286,4927.10083444669,11401.955083256706,15.133859368191805,14.81957015473329,141.59185907941477,132.31227295093174,796.7756754107261,190.0
52.52905675172687,3014.7759679790265,10155.763040897453,16.37025047100269,18.59001372164548,115.4929272698233,130.2642694185735,514.8739494849663,193.0
50.17674866364405,8856.892988718655,5551.958390933086,15.78888256939176,16.30870300681976,123.16369385063733,130.27409221260174,520.4262093778685,194.0
53.07424798675109,6995.026572815117,10770.908852790672,19.023519225993994,20.784660742509473,124.06571970318167,143.01489853744772,434.53398659630307,196.0
66.03002881964034,5660.015535575505,12677.100537178378,10.732773483047977,10.964710282616208,133.55255131933566,143.38972997557542,1027.603616563757,197.0
36.9613679636243,8225.881412190269,7017.3140959653265,25.388591126230526,23.364119973488865,139.36912160053458,132.42422407806768,360.6363977883856,197.0
58.50838575815831,10250.931753405399,3612.7434837664755,13.560063129462378,13.297880281992878,132.16665621715023,140.6798521548832,832.0979831280418,198.0
52.38434748462677,8854.472809093606,5485.041238072622,18.896335536627763,17.9139860839041,132.45340056563396,133.67452841147917,480.21635689765037,199.0
51.657416238770566,6343.385419651788,3950.9641835087677,19.01165888585338,18.611448596068573,137.28733561700773,148.31860357306087,523.6704396335184,201.0
53.60465578773102,10727.5897259382,8347.465482304284,21.871043824919127,22.694435299473497,129.92929198088066,144.19600836512618,388.2068170533918,211.0
60.00138170179838,12955.262583563592,8031.541520675927,12.604328464595069,12.919265755798785,133.71802154930091,143.0015250429001,792.7692515858457,216.0
40.65826332038117,10981.332829612817,8119.393482666459,17.888656771128513,17.543590028363646,140.48390800837373,132.36849983561405,514.7471856196071,217.0
49.74783039848839,13009.557807619833,8016.481592358085,13.364208831338189,13.83663820274718,134.49162937605803,139.54141251091582,726.2916121299397,217.0
86.76601469272916,12916.72750773161,7994.372356492142,11.441260434273508,11.570683850875948,137.79786645167314,136.84193422994923,956.8258576302948,219.0
76.25433895109495,8548.333222746467,12685.481855395647,18.754961624971948,20.497133594130283,116.49895340149821,149.24038374675015,427.6501505782508,220.0
46.655573773385015,12925.132703232888,7979.447786757523,15.196855162552175,14.883044277098081,139.6892917412537,132.7472218333743,647.4852505307208,221.0
41.90843051128752,12834.447533324257,7900.089744950221,17.181147542051015,16.323396845620895,142.920289435349,141.75911635913212,593.4291380112992,222.0
60.14418568972786,8839.425800191106,9992.389523253054,17.389569614811943,16.79333836120668,141.66097191497283,124.51178090441779,552.9180074964568,228.0
37.67979741977669,12729.221658079616,7513.242972882275,25.259563107049974,24.089632660794308,133.29913137154062,117.7125661099545,350.77284846352035,228.0
78.53066051550567,3889.8671439812365,11272.266248101525,11.130347093683014,10.88840247877527,139.09841897330818,136.4975042742143,970.5278493854339,233.0
54.779923028928636,7955.669670203224,10565.320405921968,14.788679484686364,14.679307840549516,143.13092036542858,128.235396154474,733.0613690876962,234.0
57.52881300485669,12925.224561211073,7021.2927159174105,13.551959021192301,13.632473597469348,147.64838830858346,148.15003729632238,759.8418492546165,234.0
40.60760338553996,6527.8802515198595,13697.687999796746,17.898331667614563,18.53219990153982,137.39797185385765,132.77851269991802,509.9320950724715,236.0
47.813714705879875,4855.087274970268,7955.473896628918,14.819648246611067,14.601096202172771,137.79265094236496,131.78381288112126,633.4946565351943,241.0
50.20961757241574,4894.30364697011,7869.927930410939,20.81752072976153,21.974534765774276,128.52182026864668,125.64580017369993,426.5756963461886,243.0
51.31989427310987,4859.074652634887,7954.200427951731,13.439095778696746,13.461518872106952,139.90000215139426,142.4168203337085,849.8073338743138,245.0
55.87550017745423,4868.753625939655,7901.869803669743,18.69743719459938,18.282752388152076,134.21748112986626,129.34189372848732,541.465652573828,246.0
55.277331554356806,5755.211660204891,10585.108959410012,16.245645150513866,16.70733660388746,128.1774862707198,137.57912281011383,551.3827753259125,248.0
55.00391431415656,8913.223780093113,7658.119325226398,15.534066657832092,15.476406592290948,133.2816708782836,140.43142728937494,602.236751786583,253.0
44.25097639295612,11851.585329780668,4333.405480420183,19.473910063677227,18.357547270090325,155.57942138969628,137.09409262944723,562.9303863712098,263.0
43.85150968014591,10009.28456172209,6534.747769213003,15.576987605243076,16.156722460338663,119.99038142054556,134.29618170064396,642.5936459557367,264.0
54.44793848331656,6978.66791028178,7519.620389398913,12.063255752323771,12.270904610718635,142.69775870607617,134.2711376554322,891.4825053164036,268.0
56.26272558197755,10574.84718947864,10589.096343681787,11.99345030344964,12.714461271144152,133.41358766930898,156.15634406495175,852.9711952338807,274.0
48.67179029241487,7621.826018223061,4658.372055843267,18.081253397452112,18.227311720282124,140.38204946169398,133.97316921153,580.6111379238764,280.0
40.6933581701951,5129.485902237862,8049.246083471088,18.523375789187664,17.701191242705793,136.66988086116513,123.15651342901734,465.62020800628056,287.0
66.28101204044765,8179.1524951953215,5906.181252953694,8.774564182873887,8.485744444535198,150.79930141413587,142.45171012886564,1520.0395764075329,287.0
49.232643870112895,5273.432176632891,10055.670150843196,19.298521634408228,19.280255998216397,131.17951848345385,139.88967065518648,445.8295851926333,288.0
59.37181885937815,8740.58166693225,6579.542107839344,22.612509735650047,22.07823828191775,128.1847259708047,120.45017099667493,421.9165895058692,294.0
57.10994269230429,7222.809083055585,5653.617371099866,12.111861464830337,11.865928729154723,136.96796167564779,141.09211530782696,937.2955005983056,295.0
37.58412324033756,7163.869516622624,5664.50997007517,19.724246371743092,20.35011190366057,139.35379058787132,124.37569034348287,457.47330218067555,296.0
47.90134239142901,8768.771664282065,6612.506633552615,20.348276025965394,21.30068768941454,126.04435307915342,118.47198603724529,372.1615341496938,296.0
51.1045729211647,6462.870401442886,13011.250559974835,16.56993317111897,17.19435544514462,128.1322870312937,143.03849446619722,564.5722614345004,299.0
42.756896969710795,11840.95302876525,5346.090684689027,15.386015109585,15.798080543870489,136.07248432613997,133.14183913232037,762.4306187114403,305.0
51.35145219951539,9019.345228622253,7595.5989375941235,16.71149779097792,18.881398273479277,126.96853697314361,155.97572790412679,532.3965388820119,317.0
55.92475713788798,3260.2205840765682,11560.9100954873,19.970699239821727,19.92457971857934,132.84721560854362,130.18703533629701,491.28094722018307,321.0
70.59573219599326,3619.0730229770443,7484.554112591897,11.25778503712934,11.416547269597263,139.4207049735886,141.8178253922659,923.5337709129631,323.0
76.48200973453777,13114.240571327562,6283.885470662545,15.50116982413649,15.182995949426273,128.317190870291,127.04347587658764,630.7298429030127,326.0
82.72485526045963,7389.136773191918,12590.931667976127,9.948548634188695,10.179952878948717,130.55319163802778,138.65600456792532,1229.5714633638381,331.0
57.24076292118565,9041.892743173303,12499.688955773343,16.883178883187348,17.466680388005777,135.55664590297337,130.7204533385508,592.002875930254,341.0
41.74099414547953,4197.425629597012,9910.478448231022,16.71485962796734,15.943160732906252,146.39582527216612,140.8110245791062,642.6697254959697,343.0
48.940507153010714,3443.1354877170825,7831.518991172926,18.794357473038502,17.848930553004834,148.59369724762996,138.22284764450038,585.9690211994729,346.0
63.304395476672426,9647.990220731168,9483.368563102613,14.529575748652439,14.027144673567163,135.74779104179564,127.30763771259048,727.2337700410437,347.0
56.72413718071684,5438.487234843566,12161.841748887105,14.691924402177998,14.503866310969576,130.76469292790242,134.8763234249888,667.0057627731337,353.0
55.10221767775138,10047.025911549345,10673.135799354528,13.981824468138846,14.514412997201442,124.85082097051433,132.29792761313524,732.4247714838104,365.0
38.11741248257172,11579.467360633764,5460.246085519629,20.02033459498064,17.842644562958654,145.89729593083155,121.90815531027198,554.195603750331,366.0
38.11741248257172,11626.802233968918,5448.377811334066,18.995007297081347,18.041948820942217,124.38136180081774,121.00429145079484,485.66516327706427,366.0
47.52291546557086,7385.839458587984,7543.653352898349,14.682659595732474,15.00081563286987,134.51418043121524,135.44621583930885,716.4664567811833,373.0
37.820250361983625,12976.785808701938,5890.103203402433,20.906784284715645,18.221696566000944,143.23935183778545,125.80597422823064,464.2108439688524,381.0
78.27847263239065,5930.298304172373,12394.353741588817,9.944250544085861,9.334223982847789,137.40322652258004,130.53150307585366,1264.7543630315067,388.0
75.09509844682421,7915.586095774938,8877.2611463746,11.836788396249796,11.416961176963083,141.19049953228125,129.48636384627437,981.9820307493663,391.0
53.97301316377627,7923.927077833856,8928.138001307649,14.224146503170621,14.914996445500622,118.79557757272477,139.33601554267395,728.5943751417689,393.0
71.40938211176555,7886.781016479881,8898.46962741329,11.547101418784793,11.198218614866587,129.15796188963392,128.8574315563804,1017.4024412869403,395.0
64.44705234802859,7937.375947294719,8902.029171590013,11.86404721287679,12.124989023962527,137.5279113308327,137.56623673557888,1062.5214960433118,396.0
51.38762727109568,11193.948966918553,8315.41012328815,19.332512781108743,20.229385880290263,127.73666908834713,139.23732673193703,460.50665730589026,399.0
39.82746742008476,5673.903123159685,12435.440498565486,17.531909100439993,18.64664285125744,128.01352613832583,136.32958428921685,448.5555004272811,402.0
44.327488612291575,5071.486021171393,8123.480886230349,23.05188565829337,24.268801611299754,128.1073892360445,133.72949950258482,427.9446854620957,403.0
56.71171962266013,3258.5011816729543,11575.213160162302,15.297218534794236,15.299813226088771,129.84068335936038,142.6378219681968,638.7577044394964,404.0
65.84044932989764,11146.96495280329,4324.5448545809195,12.314733543546078,12.324420267253814,133.29839911532483,137.8288531342554,873.2911979126136,407.0
50.40605727284796,4464.657414003214,9062.32061187882,20.32145716868326,19.83055273048264,133.7801273603508,129.2135468980687,449.82963062778833,411.0
85.22628248133756,6384.284185131295,7895.532405328051,8.316802563404671,8.401600422545998,138.46341366712343,140.60522208188857,1409.9222516074515,413.0
84.4306347177965,6376.998759745584,7875.861899459651,7.93670265133205,7.803265380963868,139.74276524469812,141.04734053682304,1675.5377524704747,414.0
60.847260830321915,5045.368879317348,7109.159996753083,10.582646819798187,10.966262481158664,134.0199719047657,137.1299379351782,1134.7709278830953,419.0
47.74397523388143,6817.79452307435,4753.748569627003,19.594242979964132,20.837317248532283,126.43744233801743,130.9945511269247,421.43409014326465,423.0
43.49086551174625,6266.439323589783,12426.63305318558,16.679651332722493,16.382543414607916,137.44157817228646,124.05761503576268,584.5695942900145,427.0
61.06544969006174,3437.195272535639,10758.654279852537,16.05579296617353,16.560357057719532,138.5128577035876,126.26913901779255,549.0126143468374,431.0
49.00761402999635,10695.732469525577,8716.547110533527,16.622763370677102,17.06336975331241,140.8591882471189,139.83500910965,593.0927849919904,439.0
57.74038466996143,11624.586276669099,5282.904828563278,11.782236841144826,11.404909164947375,144.08678229597837,127.8923350220281,956.882067483236,449.0
109.17040488676125,11875.449493582639,7698.089547321548,10.63790486391995,10.067912822247406,131.55646797677534,124.3691456972347,1446.6534973503199,453.0
60.37068307686985,12814.861027997125,4300.565557515068,12.893364364277753,13.10114415811437,137.0763126483069,140.07601265900965,800.6085839560503,467.0
48.19895130931505,4780.35204106378,7236.771384261338,17.90297792902105,18.3271040192765,145.2990060326534,144.06164408481752,527.0795264106238,469.0
82.64731430609726,10689.9540450044,7933.510375409028,8.753588196696937,8.488042749694637,145.60307333425848,140.16819815163367,1358.3319503433813,469.0
51.31212332879866,8482.145630293688,8297.69864743498,17.15698767166918,16.581170515871914,145.3956076134629,136.23607566944312,574.9416914727072,471.0
60.01774015731365,8830.634734166162,4218.013046231644,13.681949729422698,13.576585430137472,129.40982925988382,125.72597442744357,723.6525653039382,471.0
44.189118017341855,8460.923415417075,8343.551554780002,17.351642900076683,19.533255087351332,121.14995872023167,135.94625714562855,423.9681744069925,472.0
125.37288704602688,9024.193267295175,9761.795609758497,6.497661593006665,6.400055575912674,145.01594184903144,139.62832285238505,1969.9539860981733,472.0
56.094193434156296,7714.469580133493,7214.185253370642,13.818035484385478,13.801327326167787,141.28224781841462,128.2152092212268,745.7647839716109,473.0
47.20660484399812,8728.98791056003,4306.151961458659,15.789648725824037,15.675655208503487,127.62669083170405,131.83741343853197,591.5330149701463,473.0
65.06892432284795,7009.717991989474,5389.489171853576,11.321591135605356,11.25446904660418,142.72489487824674,127.37162268539285,1214.982526431011,475.0
66.60984565549327,7626.958994110396,7225.914741654439,15.480370981077172,16.01181103747118,131.49778738090725,124.29643400022317,632.0802009745485,476.0
57.65398379775911,10097.238307973721,6979.857792068804,12.361630850795544,12.491715846215136,134.13954509873625,147.42213516662193,830.0883572270122,477.0
64.28785740346112,7702.283242071276,7266.160170537304,12.608440833432166,11.95292015377384,143.23544816110012,132.92512881367657,900.1175964563605,479.0
47.29829221768577,7653.143153758068,7276.256322274587,25.20398085318041,23.365247021704043,133.4430700095223,108.21382268778436,331.3481634460369,481.0
51.10223446426764,9169.245699448178,10730.243300379243,17.26404861713419,18.45600806628698,138.8578969239457,139.22859672532786,523.2193233546437,505.0
40.093920962718045,11612.31300775291,4982.00158496543,19.844023041533315,20.096474059646745,121.54518093638056,128.2913507244179,416.62822486370385,507.0
56.43634876892824,8218.577325090118,12434.777228988894,13.568709404071758,13.825615210543127,128.81025816986622,128.6564884895883,764.5863318674038,513.0
74.66831715783576,8102.813844355184,12367.444254626851,9.27366778152727,9.190128382793823,140.77380527336305,140.83011257731206,1201.5416021548228,514.0
80.73219323414682,6305.845582966754,12864.848308042012,10.73317420529566,10.255301460025386,144.81109404756046,132.90149117571283,1004.276534725295,543.0
57.81281423322662,8762.334245764781,2871.0927925914193,17.902988574162347,17.313442635065456,140.44686784507434,130.7799457615013,553.8869498810473,551.0
55.35492915773983,8830.908169644503,6603.339101262341,17.438758698633382,16.998609932231506,131.54012114962106,128.38965433565537,490.7215454919373,553.0
61.05617922170393,3440.611240241392,6930.492947072647,14.700515803656726,13.83792190209026,150.61130886984398,132.63311726942996,720.3760116715356,568.0
51.23778049509815,3393.258688737501,11094.944149276162,13.822567018115448,14.193697829744918,134.08894456076337,132.70100604271911,727.7837700564961,590.0
62.44027189142969,11453.509851783088,6099.501243892633,12.205467520982616,11.477957641368981,137.61955238154326,128.59605077728202,860.007191239185,594.0
77.87167653053439,4147.094434754125,10988.82709985718,12.95014906783942,11.902664963800543,141.3341521969748,118.72763000473252,894.6998795824925,614.0
65.88773363204558,4215.811603879368,11015.763072481912,11.982719909467626,11.533694713548563,133.92935774956496,132.01563278154876,864.1329447866669,615.0
49.59405042844591,4160.905076956989,10955.030287405429,14.097990487437944,13.93285978974834,144.28465607464491,135.69993629821494,668.895830559467,616.0
43.106640318470824,7564.307331988808,5202.733030233613,17.855916715470983,18.15972469830093,136.7052624979861,138.70280953250068,559.6862854153601,706.0
40.63822280291197,7494.38060584029,5185.416048841229,15.997416718935993,16.81928689082605,113.49763213995641,128.5351139837299,498.1630003467582,707.0
35.90825533235045,8641.880978448622,5498.052445575346,21.806183679861014,20.316256292474762,130.77654344271735,116.56333310605196,375.4215339538805,732.0
46.48491228409972,4239.311964963601,6809.013475110269,18.219987418878773,18.097829438463336,124.67495580647012,126.5142017863699,474.5225472950666,738.0
62.979583955920646,9777.941370698962,3432.719854888959,15.693670263360923,15.622575864633058,140.2293912704903,136.89654588527202,618.0247625691002,766.0
35.316507772539296,9782.265479841568,3339.7520481969814,21.509879197344876,21.960200985521045,121.94252301073885,136.2672396842449,383.94017768952256,771.0
35.5690153390818,9001.49955208473,7407.459820204749,19.6377901916515,17.94721767110414,145.66571939645695,135.5198089088879,522.1317911592174,776.0
44.03980817003793,9724.773542845793,3476.3071409784675,16.360790986481284,15.52854363178275,137.36056943446144,140.35564579143258,550.5785095711694,778.0
61.7390911830168,10374.318822577574,6452.559529561411,12.00293424733852,12.223918503197943,137.40293251150044,142.4672562466381,968.5690073947842,782.0
60.748222480508446,10368.510547159498,6483.397418719507,12.921050877326742,12.562382289703757,141.00720909450717,128.7932390479349,847.2892815171163,783.0
66.43152710486362,9503.080535617533,9850.533688075773,11.958452880971482,11.87128038286076,142.77760071885402,140.05613330876378,848.8749996023097,784.0
55.13571633421856,9709.644553061833,8462.871933164131,15.822785700391552,16.75129159384963,130.8506811464056,146.7640311358578,621.052389732198,786.0
78.24992462721988,9142.81077282656,9121.838500415783,10.257364364091009,10.100761013747427,137.2760391075121,137.08749273245934,1106.1498052133504,787.0
47.0796437131778,9846.195588752573,3993.117733069451,13.409647603505256,13.053019424789127,148.65885580041203,132.82179543813942,743.8183546051708,814.0
52.52726079026323,8310.365087450326,4077.678898541951,14.38704172605222,14.937206091013365,134.7625942839796,145.79547172501063,694.8173715685291,820.0
50.63900332321185,4707.28011288834,6574.311627546911,11.64575040809819,11.282624890941035,147.65336565183912,138.48348281126513,994.4484770993349,827.0
43.32564045223367,9497.216739378031,10109.612556929898,15.328189767400332,15.632977515067921,124.18720717886349,139.2619317374043,524.2862258083255,851.0
71.53304591681055,5036.8458630695795,12761.093227597063,10.679242490459481,10.77039008811843,131.9124984674049,136.76390402323528,1012.9403475051301,879.0
75.4264124634528,5018.736313877075,12790.0195790996,11.223927645238971,11.24224226406344,132.32147074991357,135.40726745442421,967.6583052808686,880.0
57.96867448974149,5045.837886823594,12816.687389318604,12.867785219791788,13.22800787009481,128.7339323717757,135.8478112124861,771.7523991814469,881.0
49.71252780866598,8939.037462788014,6885.532145302759,15.274514496676009,15.036021501810842,145.22219992229202,139.6033456842882,686.3392981470124,890.0
46.25426269642546,8996.728944400165,6901.7056387472385,14.381968233933016,14.34758045656574,138.7765449247316,136.91532340643195,677.7179521444514,890.0
52.90816832746643,4942.336452555208,12266.960496245065,12.827254671764846,13.090219352714652,133.3891073521304,141.23351278199073,777.2745894633734,894.0
36.93717105341079,6878.501217530125,5640.909248944447,20.511001335998213,21.570896295047987,132.70812169264428,128.60090655596449,448.8705752032836,908.0
35.37355442925127,6290.736551224907,8489.556809511829,19.747460992595066,18.0383611417226,124.56342863711336,130.25391644700744,455.3389859377909,911.0
53.195197700477365,11340.177481930425,5611.409398663418,22.21080106999119,20.666008222579023,128.0955602225277,133.2038563225966,354.03080183595796,916.0
61.45561653878411,6181.943813249708,6203.028150084012,11.28391387026047,11.889930556963417,124.66979429912558,134.2580156744018,982.2487214631258,936.0
50.03528747834213,5819.41641409498,8223.134607843203,21.874422259580143,19.910447714516348,139.0172762073306,112.79301955409372,387.19357483497623,979.0
55.09241271258469,8298.40550476745,12329.805226145716,15.184453980108588,16.00584290877105,127.73567433924201,135.65359664482523,584.254546875357,1004.0
48.15040974616696,7905.588757704885,8766.971939048142,16.51205558383693,16.621713695610698,140.83091502204502,140.33590004681602,617.7046834408945,1007.0
38.41749570478848,7317.213676196689,6067.064536306496,20.05374199115772,20.565531783732478,136.59785311543814,149.1423992458094,431.51900506234074,1018.0
125.77081498779745,11099.914918519551,7473.690956713958,6.1705572797975625,6.285504142381288,133.3130718645697,140.02576688399043,2453.5636817019245,1044.0
51.79262907457786,7593.588930634373,6862.821665260768,17.20757933877591,16.491226479587333,129.0580781981596,130.3298499929098,517.5375465787868,1075.0
37.365249038473934,8824.29778441838,4809.088133323296,19.029703681283625,20.87933322377669,117.58647398578852,136.2513858405474,401.6010089082442,1075.0
46.133921423477176,3642.404182537911,8748.234012309615,24.030321648405174,22.901099795886555,128.95366198744,119.18025047353075,324.7009059663338,1085.0
41.58559150406677,7200.631322775245,13169.699149834707,16.223069225406906,19.586085170398498,115.75267920379399,135.27638642877622,469.3602875033673,1100.0
55.62526208641978,3114.3686709338886,9439.699029778945,12.674556154038218,12.498023586461342,139.30830049409028,137.75452862475515,833.7277060035475,1120.0
57.8384120741556,9506.033962839721,7226.812640140854,14.51621340309382,14.156711541097621,137.63544304301035,128.98558358603,653.5484433746341,1129.0
42.020919160008845,10043.096489303101,6099.610482269068,16.87553349493356,15.741675308040424,137.9872176390825,128.78288489058752,556.5869515963984,1178.0
76.50734808271568,8943.668645520027,9058.311821009544,10.12806305587468,9.822328891578293,136.54936804090468,132.12062293625388,1109.6781694151491,1201.0
118.71375197149223,8920.607726331677,9047.015221590296,6.502866180874167,6.517391812948377,131.92301618764026,135.72903530145476,2220.6551847649985,1202.0
86.11061841397597,8952.533816429428,9049.583865876113,8.433469944569284,8.164808310199742,134.531530665837,125.74447927694378,1530.7267792973346,1203.0
36.886928915480496,10273.650487674524,9466.105136894386,21.09041588522323,20.15562740760035,147.39940561813788,132.1591275741434,463.4927278823036,1213.0
37.986757113938154,3745.385796787624,11985.564048154674,19.960369880191497,20.698692577711416,135.5880839774289,129.60607649357917,455.9317128920204,1244.0
36.743139573222464,8908.18852367691,3638.143317719304,19.974544550282477,21.507204623648526,127.51342816780705,130.55839613353345,399.1584395589166,1246.0
43.37316965357715,12419.94417249808,7479.79553131544,16.00358048736291,16.17969105473509,143.70772200354656,139.20727033667103,588.8114297079791,1254.0
48.91155405264678,5350.882066810408,10418.957856162277,13.278504361486565,13.702468022459692,137.42729620626966,145.05937313765705,778.2168764941154,1261.0
85.02479218864386,5207.50121300824,7697.586629356831,12.366049845328961,11.948720770595134,134.49603113663127,124.79361173997444,877.7214766146338,1267.0
47.73335062670105,8538.182750412396,5300.761866556215,16.686923079630816,17.60247339675373,132.72783607325678,146.3399706518501,528.8292648178963,1277.0
42.943041520766826,8487.885353058084,5266.894330513461,18.014074324542673,16.96876696775443,133.58314240928812,110.83484632372786,483.9804061246033,1279.0
41.27626888081642,8271.431621286507,5402.327972786942,20.184767193534746,23.985970246936613,117.0559755476081,119.64451754394725,346.6320582751758,1299.0
64.78241962436059,6790.813583322738,13201.357712513127,9.91676510194251,9.807079142294928,135.305483431771,132.52237611678538,1281.3452115727644,1301.0
65.92455649676526,6740.370266806417,13185.923204086212,9.54360894386399,9.85281099655374,129.03012761578083,140.18298065632288,1114.5459449884945,1302.0
54.527410300361254,6736.402580163044,13279.510838558814,15.516997443912473,15.792505776954682,124.84220641823694,131.77323622090827,592.3761518661724,1303.0
37.48959977157597,12441.745258523031,5175.542365440937,16.871445029358515,16.39258645594145,135.42218292047713,135.06959022899994,647.8688547931547,1320.0
34.056788294739334,12486.175886696048,7375.8629200173555,22.796681624590647,21.856512138954397,140.8562283609305,130.1981473753442,384.0296625845209,1324.0
46.47666423957253,12370.773569402954,5096.129713521076,15.445815176356877,16.8864872015291,129.6306644284255,133.53247840688147,527.2500733032932,1326.0
58.322766843022805,8590.24306452166,11752.059344456877,13.286871854291364,14.13890413326853,129.53994795910342,143.98622364548484,768.4954935787011,1330.0
43.9043627744677,8543.365964576826,5242.27851580584,21.060145467038687,20.180770022741395,134.15894233442094,128.57536219384383,430.33502600593295,1332.0
54.26946653490714,8592.831115492028,11844.672144063046,12.831290769806715,11.925572631971882,141.02714084352516,132.61498915388202,798.772112605062,1332.0
54.26946653490714,8682.136458384892,11838.598676268886,11.701653761137564,11.521959520991343,143.2496272675382,130.91500535707277,878.5740582502294,1332.0
81.9367666838815,4303.048147531121,11780.258872392598,7.9873911148665115,7.909225800838593,140.53498601554563,136.57539561782332,1636.18061539933,1377.0
91.20358086255152,4320.509049386221,11730.168835408602,7.1546467638456726,7.023034095241822,145.8908154138302,138.18189069592145,1886.589903594942,1378.0
202.40153251142226,4337.3724803824025,11783.180004514585,5.335665196615214,5.277594790895076,138.81792621978366,134.12698725557365,3391.683623419989,1379.0
75.89014101729566,4283.409084665699,11786.81998090603,9.903051213849515,9.939019012388702,137.340151323524,138.89181078879815,1071.944796671532,1381.0
64.04646075390394,4303.304968095552,11763.797301181447,11.130755669328325,11.245446708014523,133.0751277354101,133.89532316120437,1151.4762350390986,1382.0
57.73803876900041,4287.359348092296,11750.944391143315,14.458710672659445,13.970256461960442,119.18927482463498,120.618066020049,673.0005784485809,1385.0
70.62009555244435,4329.028382697889,11738.319105129518,13.935250777207182,13.895384459515299,130.45633429111436,127.2271458609784,697.1731607936531,1386.0
59.504471169521906,4282.259977443038,11781.813897474378,15.903031317689885,17.907845559131474,110.66842378866673,138.4111227872148,518.5166392239253,1388.0
92.8458246044932,8729.67235531824,10012.250179387476,6.799735809394082,6.75705013531986,143.95101337784627,141.50440374019723,2130.932708237787,1394.0
41.40630429785591,2131.521032217987,9117.091237580658,17.1281396889597,17.99459327519245,131.68031816382089,142.4017165313959,496.9044987298512,1396.0
48.18016867391708,4436.145165259825,12042.47210377297,20.329394255340993,19.27166918064469,139.10869684582156,115.38440446054379,382.0041338991896,1412.0
44.91660270984622,9122.64108836011,10231.03330998988,16.674999707543044,18.034890713756127,131.292482333715,135.44787668461254,551.0093035020477,1416.0
43.46866165001808,4248.618322911859,12837.423974224048,17.6003422620959,17.119274120807397,137.6637893045372,135.55583700306389,537.9561626404131,1417.0
45.69363309435636,11261.576821086674,3304.1728960414093,18.403112036081396,15.931763918412171,141.70513013943108,121.53128051745168,471.63644874777134,1417.0
59.041481312865415,11839.386623027802,5263.082414855621,13.751941389390403,13.19644267721545,140.2859281132518,122.69527953035713,723.9640639739976,1422.0
44.224516250175355,4697.0164056227,9613.52604235232,16.025634374467348,16.081653291368422,140.54580958621509,130.86989656299352,566.2101621795725,1425.0
47.94642109537233,8799.220183498926,4845.937730359517,17.092174204033274,19.833945358132137,124.6277128516676,139.79037142846036,428.1413705768422,1455.0
52.37027478495315,8895.979124632808,10742.689420662402,14.602743328717708,14.246486960274403,133.98139474790622,130.0052176243442,650.6210869157014,1472.0
55.3506755370089,7205.1737373253645,7005.75467896907,22.49692711692074,23.285187505209695,129.25024239286907,134.36816505071212,387.0407128969035,1479.0
38.91932540658635,9288.43117340168,6825.993309243178,18.91694852945366,19.77160381935588,132.31057423311645,148.96058040918612,494.0109913502656,1496.0
39.42765646291508,10798.149123567791,7860.448715132081,19.865218804815157,21.472069222286652,128.07798823771307,126.94243134421214,415.3623887477178,1524.0
58.8979686161731,5469.724996871759,12847.859410618954,15.133669049692601,13.78046767824822,139.41694374948307,123.79708228442378,751.1623217253548,1537.0
50.08959462730829,11528.446931689974,5346.050279835467,13.29649864134584,14.325043400090129,131.09497838581487,127.35560398505898,602.8696632885674,1542.0
51.523750544794694,11555.715515051645,5393.606195521307,15.215618353072996,14.848458352278811,130.33446543389923,128.3942572162425,671.7664853832257,1543.0
37.336631581676926,5144.392632204754,11309.00113012032,22.15093825501197,19.295671938932426,129.8441539592576,110.80242295477038,441.248228420207,1554.0
51.78290959796314,12137.200934653618,4130.579587948294,15.526393680263508,15.386728739962896,143.13298235813886,141.0254962768064,612.263467895141,1556.0
62.62284512183592,5345.194016128366,12852.953147670813,18.018155123204032,16.59813360250448,127.45847661889586,124.09424280896363,512.7618691866396,1563.0
53.064349816868855,5362.803480627739,12831.045189951532,13.300696685257794,11.967581737257964,134.4004653688729,116.2316540382806,839.9694728168081,1566.0
137.68472341356332,9599.248484908854,6466.871361206033,8.040645447618155,8.115831251202321,132.37844543030124,132.39813834201195,1807.8025914565023,1569.0
40.30035273951765,9550.2525740534,6397.555453616649,18.70893279289829,17.75545807396895,144.2870017035223,123.89886264260838,479.41941250515396,1573.0
49.9658876082793,9559.028545599911,6488.925832545754,15.13856426979817,15.51031238005325,125.66305964611954,134.58875670187115,655.2815682825708,1574.0
